post_id,cluster
1lre90u,1
1lk53bj,3
1ldazh2,3
1lbybar,2
1l4ocj5,2
1l35cne,3
1kqoke6,5
1kmmlme,3
1jiuiam,1
1itrzv6,9
1ik5ce0,9
1i0j0vl,4
1hwnjjt,9
1hl63i9,3
1hbrum6,2
1gu4voi,4
1gkvxha,4
1gd5q86,3
1gc1pzs,4
1gb2jyf,1
1fv2ce9,8
1fcuvg2,9
1fcvbi2,9
1eeius6,4
1ee9j0r,3
1dx6eg0,3
1d1pg6i,2
1coy0fb,2
1cibbfh,2
1ci7mjm,9
1bxhyfz,8
1blii8d,3
1b97d2k,2
1b2zdkm,9
191q4vk,6
18pgnex,3
18b2a5x,2
17p7rzv,3
17oxqyw,8
14xyilw,8
14o26s3,3
14jp9z0,2
147ncf7,2
147mv7r,2
13txv0w,2
13onu71,8
13517xz,8
12lu9zl,4
11zwobt,6
1029s1m,6
zb5xvk,1
wt67u4,9
w8a9yr,1
vt0c4p,1
vbi99o,1
v11g20,1
uty7ra,1
ulaxh4,7
ufgepu,8
uatx61,8
tgg73d,1
str2me,3
sf0phm,9
s860s8,2
ref9ul,8
q7ve2v,1
q5r9ys,9
ppto8v,7
oyh4tl,1
otoehi,4
o4vmyn,0
n44m9p,1
n1105t,6
my9ugh,7
mkvrwy,8
kwzpn3,8
jzm61a,6
juu14t,4
jqidqv,4
jk5r5d,4
jdxqd6,4
jajbkq,0
iytup1,6
ive934,4
ivm887,4
il74xf,0
iduvs4,4
hr7gfv,3
hgfy5n,4
haaci5,9
gv8873,7
fsmj3j,8
ff3qum,8
f8t0i7,4
e9ymms,9
d9k4vj,3
d4c01g,2
c5cshd,2
bwx0kw,7
bjz8cl,9
axay7q,3
aw7c42,2
a5he7w,5
a4vx0u,1
a29cvf,8
9ucpo1,3
9lpqlr,1
9eacor,5
8xsxju,2
8s8skj,9
8s2ism,5
8le00s,5
8jjzco,2
8gms5e,4
8f6rgg,4
8emhbm,1
8bk2n9,5
8a3wr6,5
8a2lkh,9
89wx6p,3
89mt28,3
898s4b,2
84dvr1,5
845yuy,1
81hcug,5
7za6bw,5
7vv5iy,1
7r7486,4
7pynal,5
7mhmdw,2
7hp1xj,9
77nduq,2
774j8i,9
75m19x,2
703khs,4
6y8d3w,7
6x7x27,4
6pe3kl,7
6oql8r,6
6olngj,1
6nm9wt,2
6mzqt1,3
6lm98e,4
6kc273,9
6jm7zp,4
6i21t9,8
6gqo6l,1
6eon6i,2
6dgz23,1
6a3vfm,9
654g7l,2
64t8nv,1
628gto,3
5z64xq,0
5xu24q,7
5t8otx,9
5rqp31,1
5r8jnd,3
5qlbkq,7
52jgaa,0
50pxpm,6
50pe4e,1
4zqfd3,0
4wmwhs,3
4tszr4,6
4tq7e8,0
4p5ln4,3
4muped,4
4jnv8p,7
4g0boc,7
478hbc,9
44iuwg,7
439by1,4
423wjo,6
40och4,0
3y84z8,9
3xufef,6
3x0tq6,6
3uabr4,1
3u4mm2,6
3tb1ez,9
3r30bo,4
3o6y6u,1
3mp1ub,0
3hfeoc,6
3g1dxm,6
3bbqb4,0
3aygqk,6
36n4f1,6
364h54,7
35odas,7
331ksd,0
32itoi,7
2zxde5,7
2ww6yo,0
2vkriv,6
2uaw4g,4
2rztgi,7
2reb0o,1
2otvig,7
2mwwcr,7
2mxaa8,7
2lvkn8,0
2lqi29,7
2kpq4w,9
2khwqe,6
2jhdot,7
2iexqh,7
2i7uyg,7
2hnbgm,7
2gs7nu,7
2gfhqr,3
2g7hgx,7
2g5qw1,9
2fiiku,7
2eu0cb,9
2esfqo,7
2ei5ac,7
2egpyb,9
2ec00m,7
2eaet8,7
2e47ku,7
2e0udq,0
2e0dug,9
2dzzn6,1
2dxqa5,3
2dw5c8,6
292qyp,7
