post_id,cluster
1lpavry,8
1loa5dg,5
1lrc7q8,8
1lrd9v5,2
1lrf1in,6
1lrgckb,2
1lrlb6m,2
1lreuip,2
1lrkn6a,2
1lrkiwt,7
1lrfgj3,2
1lreuim,6
1lrkiib,6
1lr9ylh,7
1lrio9e,2
1lrlxut,8
1lqxe5f,3
1lqvl21,8
1lqzuop,8
1lr8cxv,8
1lrck6q,3
1lrflqw,0
1lrg1pz,0
1lrdd6t,8
1lrgeib,2
1lrhuei,1
1lqu3rc,8
1lrc48a,7
1lrdiis,4
1lrmk00,3
1lrmdl2,9
1lrm2m9,7
1lrm029,0
1lrlyr0,7
1lrlqvy,2
1lre5i4,5
1lrkwf1,7
1lr9qfr,0
1lr9q6q,9
1lrj9fj,3
1lreye1,5
1lrb7wu,3
1lqqedz,4
1lrecyc,3
1lqs66e,1
1lr61n3,0
1lr9uoq,2
1lrdg4j,4
1lr9o8r,8
1lrgsxb,0
1lrgq51,7
1lrfwuz,6
1lquzer,0
1lrcafw,8
1lrexyz,7
1lr282v,9
1lqu3ac,0
1lqkna2,8
1lqqy1e,4
1lquf06,8
1lqqb8o,8
1lrdukx,5
1lrdqf7,3
1lrccd9,9
1lr85cp,2
1lr2350,9
1lr7vlq,4
1lqoxt0,4
1lqxhfy,5
1lqtebd,8
1lrb53c,7
1lqklh2,0
1lr6ii0,3
1lqgv15,2
1lqroiy,2
1lrdyty,6
1lr9l46,6
1lrj6k6,5
1lqrv01,0
1lr7uns,6
1lr01w2,0
1lqreno,2
1lr71l5,6
1lqwf6o,5
1lr6c0n,5
1lqvm50,8
1lqmy8b,0
1lqnt83,1
1lr2f1u,4
1lqwm2t,8
1lqwisa,4
1lqjueg,3
1lqw7vw,2
1lql1l9,7
1lqnipm,3
1lqttv5,2
1lqjhi6,4
1lqt5ej,8
1lqylo7,0
1lqstpt,5
1lqsn35,5
1lqradc,1
1lqmzhu,5
1lql97x,2
1lq0iev,2
1lqibog,6
1lr51e4,6
1lqu1su,9
1lqzeea,7
1lqt84g,1
1lqt4r7,1
1lqljbl,0
1lqbdii,4
1lqmj3b,1
1lqpxfw,1
1lqjhff,3
1lqhrv6,0
1lqaw6v,0
1lqhb5f,2
1lqewzj,0
1lqc0z6,1
1lqoala,9
1lqkhgz,9
1lqdsnt,1
1lqjuna,3
1lq53yx,4
1lq4p0m,9
1lqyepw,5
1lqm603,0
1lqyw4j,2
1lq3mru,4
1lqljpl,1
1lqxij2,2
1lpy7gz,6
1lpwxg0,0
1lqiui8,3
1lq2zny,5
1lq8bvm,8
1lqig05,0
1lq480h,5
1lqpm0i,5
1lq6gox,9
1lqwtze,5
1lqbhq6,9
1lqf63w,3
1lqf2tn,8
1lpuhlk,8
1lqdf91,1
1lq0vc9,1
1lqd5a5,1
1lqbxj3,1
1lps6yw,5
1lpujzf,0
1loykun,8
1lq7shl,5
1lph3jz,0
1lpxemk,3
1lp973n,6
1lq51r4,3
1lpyuq0,7
1lq4e37,3
1lq3ymu,1
1lq3h8e,3
1lq3e9x,5
1lpsm1o,8
1lq1yih,9
1lq1nbo,5
1lq0tk3,9
1lq0n4q,1
1lpopfd,7
1lpz2jl,3
1lpyv6l,3
1lpt14x,9
1lpxadm,3
1lp2evh,1
1lqa6wt,1
1lpx0bo,2
1lpbucy,8
1lprcpo,9
1lpuk8g,1
1lpuery,6
1lpuczk,4
1lpmqnw,9
1lpz0uk,0
1lpyujn,1
1lp477d,0
1lq5axn,1
1lpm2b9,8
1lph9k4,7
1lpbg1b,6
1lpqu70,0
1lpqfxy,8
1loyuln,4
1lpe8o4,5
1lpq6gs,1
1lpsfb4,7
1lpopxl,3
1lp2eo8,9
1lph7m2,5
1lp18mj,5
1lpn7io,0
1lot5kc,6
1lpaj22,6
1loq2d5,4
1lpebrb,4
1lp5svg,1
1lpgk6m,4
1lpj3i3,1
1lpgoho,9
1lowugp,8
1lpfrfy,1
1lpfafw,1
1lpezkq,6
1lpevg4,2
1lp8wf6,1
1lpektr,1
1lpejyd,6
1lpozc7,5
1loyk7i,8
1lpcnmz,8
1lp6mhs,7
1lp0n5n,3
1lpbp2a,1
1lpba0m,8
1lpb8sw,7
1loxjw0,5
1loswgn,5
1lpafqd,5
1loxxq0,1
1lp9rrh,6
1lojq6l,4
1lourdz,8
1lp3iyz,7
1lp97na,6
1lpl00u,5
1lp8n2x,6
1lp147o,6
1lof1ky,7
1lp65ti,3
1lou1kt,7
1lp4wlw,5
1lphw8f,1
1lpahqg,2
1lpguye,6
1lotqvl,6
1lo8mrr,0
1lp270e,5
1loxiom,9
1loxf8j,9
1loxech,6
1lp1cdk,0
1lofbcl,3
1loyc38,5
1lopw0n,0
1lop5oz,5
1lnj0c9,5
1lo9gqc,4
1lohws0,7
1lop2kn,3
1lolde4,9
1lo5f8l,6
1lor1uh,3
1lo7evw,3
1loojez,9
1lnxya2,2
1lonukh,8
1lon9uz,3
1lo6nu1,0
1lny3al,0
1lo6tng,3
1lnqy3m,0
1lo22zi,0
1lojumr,1
1lo9fc7,6
1lohgwp,7
1lohbrl,7
1logsro,1
1lo6y5t,5
1log03u,1
1lofojz,1
1lofd42,9
1lo4jhe,3
1lo44k6,2
1lo48oc,9
1lo3jvg,8
1lo11cf,4
1loq2cb,5
1loa8bc,6
1lo973m,5
1lo2ehr,5
1lo0oxt,4
1lo62eh,2
1lo5p6b,6
1lojmmv,1
1lo1alz,6
1lndmy3,2
1lo5owx,1
1lnbjpw,9
1lnzwrd,5
1lnz72j,9
1lnaasg,3
1lnyyyi,3
1lnic6t,3
1lmyrmt,7
1lntekz,0
1lo1coa,7
1ln0tyd,2
1lncj1n,1
1lnq90n,1
1lnfjq3,7
1lmhm5x,7
1lnnyse,3
1lnnkgl,9
1lngujd,5
1lngdd1,6
1lmyk0r,9
1lnf7up,8
1lmyvwb,0
1lnbq37,8
1lna104,7
1lnb8v9,8
1lmscct,4
1ln9c89,7
1lnorly,7
1lng0ms,5
1lmu1ti,2
1lmrak8,7
1lno5jc,5
1lnecyx,9
1lne53a,4
1ln4p0v,0
1lnd7bm,9
1ln9f8w,5
1ln72be,9
1ln1vjr,0
1lmrjwb,4
1ln9ikg,3
1ln99lg,7
1ln91xt,0
1ln58ll,5
1lmei3d,7
1ln7ulu,5
1lmqawe,9
1lmmwj2,4
1lmzl96,1
1ln4i84,3
1lmqk2a,6
1ln1stg,1
1ln5gqg,2
1lnbhht,5
1ln0y52,6
1lmoh6r,1
1ln8u0y,6
1lltawy,5
1lmxttc,2
1lmvyyv,4
1lmpn75,3
1lm2885,5
1lmhz2z,3
1lms5k5,5
1llqefz,9
1lmpyex,1
1lmkn95,6
1lmpamv,1
1lmosh1,1
1lmnusz,9
1ln0xzd,0
1llidn3,2
1lmm4b0,3
1lmh88s,3
1lmh326,2
1lmvokb,7
1lm8t1g,6
1lmdi96,1
1lmfl0p,0
1llnl78,2
1lmiodu,3
1lmi7ph,1
1lmhlr2,9
1llshxa,8
1lm0pep,9
1lmboub,1
1llujgu,8
1lmaysk,5
1llp9kn,2
1lm1k8p,1
1llphyk,8
1lmar85,7
1lm8sqs,5
1llvddk,4
1llmb4p,2
1ll6m7u,6
1lm0v7l,1
1lm4f01,8
1llma1l,4
1lm2kwz,5
1llld0o,3
1lm073i,3
1llzc3i,3
1llig7v,1
1llt9va,1
1llt4xf,8
1lly3cz,7
1llxohk,8
1lm9t1p,5
1lkzedw,8
1llwld2,5
1llrdn0,3
1llvyz8,9
1llvtfp,3
1llvmem,8
1lkzkjy,8
1llj8hu,2
1llqdwg,2
1lltcyx,7
1lltb80,9
1ll5pkm,2
1ll3hjq,6
1lllgke,6
1ll58kt,4
1llao89,5
1llodfz,3
1ll9fyt,4
1llmitn,1
1lkxijq,3
1llcakp,8
1ll6y5l,7
1llkmjy,5
1llkkzz,9
1llkg3e,9
1lljs4z,7
1ll268f,5
1lkxbyg,2
1ll7u6i,2
1ll6t9j,1
1ll5b82,3
1llf9kc,4
1lkv7t6,9
1lleepe,9
1lkmnrj,1
1ll2ti0,5
1llbd5b,0
1lkvmhp,4
1lkfqfb,6
1ll9pll,9
1ll9dde,3
1lkudcn,2
1ll7417,5
1ll62hb,7
1lkupbm,0
1lka0j4,5
1lk43q3,8
1ll5aqi,5
1ll513m,3
1ll4ynj,5
1lkjx2c,6
1lkbile,8
1lktlqd,7
1ll3jl1,3
1lkvonb,4
1ll2el7,1
1ll1ncf,5
1ll0njj,3
1ll0jkw,9
1lk2nfl,5
1lkv3a5,7
1lk6odm,1
1lkrelb,9
1lkwwcz,3
1lk0k0z,8
1lk4a7s,3
1lkv1ty,5
1lk0xm3,8
1lkv08m,3
1lkuv7n,7
1lkuf8w,8
1lktle2,3
1lkpfi7,8
1lkix2z,6
1lkhdnl,4
1lkk0kq,0
1lkr2f5,0
1lkmjqz,9
1lkmdbn,1
1lk9zqv,2
1lkp8bh,9
1lk01ik,0
1ljymuo,6
1lkayej,9
1lk10ug,1
1lklevt,5
1lkkr94,2
1ljz25q,7
1lkkga7,1
1lk6u4e,0
1lkek0z,5
1lkk5ls,5
1lkj5b9,0
1lkiv6w,6
1lki9se,0
